Designator,Footprint,Quantity,Value,LCSC Part #
C1,0603,1,100pF,
C10,0805,1,10uF,
C11,0603,1,4.7uF,
C12,0805,1,10uF,
C13,0402,1,100nF,
C14,0805,1,10uF,
C15,0805,1,10uF,
C16,0402,1,100nF,
C17,0402,1,1nF,
C18,0402,1,100nF,
C19,0805,1,10uF,
C2,0603,1,1uF,
C20,0402,1,1nF,
C21,0805,1,10uF,
C22,0603,1,1uF,
C23,0402,1,1nF,
C24,0805,1,10uF,
C25,0603,1,100nF,
C26,0603,1,1uF,
C27,0805,1,10uF,
C28,0402,1,100nF,
C29,0805,1,10uF,
C3,0603,1,4.7uF,
C30,0402,1,100pF,
C31,0805,1,10uF,
C32,0603,1,1uF,
C33,0603,1,10uF,
C34,0805,1,10uF,
C35,0603,1,100nF,
C36,0402,1,100nF,
C4,0603,1,NC,
C41,0603,1,1uF,
C5,0603,1,100pF,
C6,0805,1,10uF,
C7,0805,1,10uF,
C8,0402,1,100nF,
C9,0603,1,100nF,
"D1, D2, D5",D_SOD-323,3,1N4148WS,
D3,0603,1,KT-0603R,
D4,0603,1,19-217/GHC-YR1S2/3T,
"H1, H2, H3, H4",MountingHole_2.7mm,4,MountingHole_Pad,
"H10, H7",TestPoint 4x2,2,MountingHole_Pad,
"H5, H6",MountingHole_2.1mm,2,MountingHole_Pad,
"H8, H9",TestPoint 2x2.5,2,MountingHole_Pad,
J1,PinHeader_1x04_P1.27mm_Vertical,1,Serial Port,
J2,PinHeader_1x05_P1.27mm_Vertical,1,Programming,
J3,PinHeader_1x03_P2.54mm_Vertical,1,Screw_Terminal_01x03,
J4,PinHeader_1x04_P2.54mm_Vertical,1,RS485,
J5,TerminalBlock_bornier-2_P5.08mm,1,Power IN,
"Q1, Q2, Q3, Q4, Q5, Q6",CRTM025N03L,6,CRTM025N03L,
Q7,SOT-23,1,MMBT3904,C20526
Q8,SOT-23,1,2N3906,C147294
R10,0402,1,10K,
R11,0402,1,470,
R12,0402,1,1.5K,
R13,0402,1,10K,
R14,2512,1,25121WF100MT4E,
R15,0402,1,10K,
R16,2512,1,25121WF100MT4E,
R17,0402,1,10K,
R2,0402,1,4.7K,
R20,0402,1,10K,
R21,0402,1,10K,
R22,0402,1,10K,
R23,0402,1,10K,
R24,0402,1,10K,
R25,0402,1,10K,
R26,0402,1,1K,
R27,0402,1,10K,
R29,0402,1,4.7K,
R4,0402,1,10K,
R5,0402,1,10K,
R6,0402,1,33K,
R7,0402,1,680K,
R8,0402,1,10K,
R9,0402,1,300K,
"RST1, SW1",SW_SPST_EVQPE1,2,PUSH,C720477
TH1,0402,1,100k 1% NTC,
"U1, U9",SOT-23-5,2,LM321,
U11,SOT-89-3,1,HT7533-1,
U12,SOT-89-3,1,L78L10_SOT89,C122848
U2,STM32G030C8T6,1,STM32G030C8T6,
U3,TSSOP-20_4.4x6.5mm_P0.65mm,1,EG2133,
"U4, U6, U7",hall_sensor_3_copy,3,AH49HSC,
U5,SOIC-8_3.9x4.9mm_P1.27mm,1,SN75176BDR,
